GROUP,PACKAGE,CLASS,INSTRUCTION_MISSED,INSTRUCTION_COVERED,BRANCH_MISSED,BRANCH_COVERED,LINE_MISSED,LINE_COVERED,COMPLEXITY_MISSED,COMPLEXITY_COVERED,METHOD_MISSED,METHOD_COVERED
aiCRM,vasyl.karpliak.aiCRM.attachments.service,FileAttachmentService,519,0,66,0,121,0,45,0,12,0
aiCRM,vasyl.karpliak.aiCRM.attachments.service,FileTextExtractor,59,0,2,0,12,0,3,0,2,0
aiCRM,vasyl.karpliak.aiCRM.reporting.config,ReportingRabbitConfig,21,0,0,0,4,0,4,0,4,0
aiCRM,vasyl.karpliak.aiCRM.attachments.enums,FileAttachmentStatus,27,0,0,0,5,0,1,0,1,0
aiCRM,vasyl.karpliak.aiCRM.shared.context,RequestContextHelper,57,0,10,0,17,0,8,0,3,0
aiCRM,vasyl.karpliak.aiCRM.ai.service,AIChatService,0,61,1,7,0,13,1,5,0,2
aiCRM,vasyl.karpliak.aiCRM.ai.service,AiOrchestrator,308,4,44,0,67,1,28,1,6,1
aiCRM,vasyl.karpliak.aiCRM.sales.service,TaskService,128,158,22,14,17,41,24,4,6,4
aiCRM,vasyl.karpliak.aiCRM.sales.service,SalesIntegrationService,54,138,12,4,5,36,12,2,4,2
aiCRM,vasyl.karpliak.aiCRM.sales.service,DealService,169,156,17,5,27,39,20,6,10,5
aiCRM,vasyl.karpliak.aiCRM.sales.service,ClientService,62,201,21,15,10,46,17,13,0,12
aiCRM,vasyl.karpliak.aiCRM.communications.controller,MailController,59,0,2,0,14,0,6,0,5,0
aiCRM,vasyl.karpliak.aiCRM.communications.controller,FacebookWebhookController,124,0,20,0,29,0,13,0,3,0
aiCRM,vasyl.karpliak.aiCRM.communications.controller,NotificationController,128,0,10,0,34,0,14,0,9,0
aiCRM,vasyl.karpliak.aiCRM.communications.controller,ChatController,292,0,14,0,71,0,19,0,12,0
aiCRM,vasyl.karpliak.aiCRM.attachments.config,FileProcessingRabbitConfig,21,0,0,0,4,0,4,0,4,0
aiCRM,vasyl.karpliak.aiCRM.search.dto,SemanticSearchHitDTO,9,0,0,0,1,0,1,0,1,0
aiCRM,vasyl.karpliak.aiCRM.search.dto,SemanticSearchResponseDTO,12,0,0,0,1,0,1,0,1,0
aiCRM,vasyl.karpliak.aiCRM.search.dto,SemanticSearchRequestDTO,9,0,0,0,1,0,1,0,1,0
aiCRM,vasyl.karpliak.aiCRM.attachments.dto,FileAttachmentDTO,39,0,0,0,1,0,1,0,1,0
aiCRM,vasyl.karpliak.aiCRM.shared.controller,GlobalExceptionHandler,21,3,0,0,4,1,2,1,2,1
aiCRM,vasyl.karpliak.aiCRM.shared.controller,HealthController,13,0,0,0,2,0,2,0,2,0
aiCRM,vasyl.karpliak.aiCRM.shared.controller,DashboardController,206,0,6,0,43,0,7,0,4,0
aiCRM,vasyl.karpliak.aiCRM.attachments.domain,FileAttachment,4,0,0,0,2,0,1,0,1,0
aiCRM,vasyl.karpliak.aiCRM.communications.domain,Notification,7,0,2,0,3,0,2,0,1,0
aiCRM,vasyl.karpliak.aiCRM.communications.domain,MailData,3,0,0,0,1,0,1,0,1,0
aiCRM,vasyl.karpliak.aiCRM.communications.domain,Message,7,0,2,0,3,0,2,0,1,0
aiCRM,vasyl.karpliak.aiCRM.communications.domain,EmailMessage,3,0,0,0,1,0,1,0,1,0
aiCRM,vasyl.karpliak.aiCRM.iam.service,UserService,0,108,0,0,0,27,0,8,0,8
aiCRM,vasyl.karpliak.aiCRM.sales.dto,DealCreateRequest,0,15,0,0,0,1,0,1,0,1
aiCRM,vasyl.karpliak.aiCRM.sales.dto,DealEventDto,18,0,0,0,1,0,1,0,1,0
aiCRM,vasyl.karpliak.aiCRM.sales.dto,DealUpdateRequest,15,0,0,0,1,0,1,0,1,0
aiCRM,vasyl.karpliak.aiCRM.sales.dto,ClientNoteDTO,9,0,0,0,1,0,1,0,1,0
aiCRM,vasyl.karpliak.aiCRM.sales.dto,ClientDTO,0,27,0,0,0,1,0,1,0,1
aiCRM,vasyl.karpliak.aiCRM.sales.dto,ProjectDTO,0,9,0,0,0,1,0,1,0,1
aiCRM,vasyl.karpliak.aiCRM.reporting.enums,ReportStatus,27,0,0,0,5,0,1,0,1,0
aiCRM,vasyl.karpliak.aiCRM.reporting.enums,ReportType,27,0,0,0,5,0,1,0,1,0
aiCRM,vasyl.karpliak.aiCRM.analytics.controller,AnalyticsController,71,0,6,0,12,0,8,0,5,0
aiCRM,vasyl.karpliak.aiCRM.ai.config,AiModelConfig,65,0,0,0,34,0,4,0,4,0
aiCRM,vasyl.karpliak.aiCRM.communications.adapter,FacebookAdapter,87,0,0,0,23,0,3,0,3,0
aiCRM,vasyl.karpliak.aiCRM.sales.enums,TaskStatus,21,0,0,0,4,0,1,0,1,0
aiCRM,vasyl.karpliak.aiCRM.sales.enums,ClientStatus,0,27,0,0,0,5,0,1,0,1
aiCRM,vasyl.karpliak.aiCRM.sales.enums,DealStatus,0,33,0,0,0,6,0,1,0,1
aiCRM,vasyl.karpliak.aiCRM.sales.enums,TaskType,21,0,0,0,4,0,1,0,1,0
aiCRM,vasyl.karpliak.aiCRM.shared.config,DatabaseSeeder,130,0,2,0,38,0,3,0,2,0
aiCRM,vasyl.karpliak.aiCRM.shared.config,WebConfig,8,0,0,0,2,0,2,0,2,0
aiCRM,vasyl.karpliak.aiCRM.shared.config,WebConfig.new WebMvcConfigurer() {...},51,0,0,0,7,0,2,0,2,0
aiCRM,vasyl.karpliak.aiCRM.shared.config,PgVectorExtensionInitializer,47,0,4,0,16,0,5,0,3,0
aiCRM,vasyl.karpliak.aiCRM.shared.config,OpenApiConfig,25,0,0,0,9,0,2,0,2,0
aiCRM,vasyl.karpliak.aiCRM.shared.config,ChatWebSocketHandler,205,0,6,0,49,0,10,0,7,0
aiCRM,vasyl.karpliak.aiCRM.shared.config,BotSetupRunner,37,0,0,0,11,0,2,0,2,0
aiCRM,vasyl.karpliak.aiCRM.shared.config,WebSocketConfig,29,0,0,0,6,0,2,0,2,0
aiCRM,vasyl.karpliak.aiCRM.reporting.controller,ReportRequestController,48,0,8,0,10,0,8,0,4,0
aiCRM,vasyl.karpliak.aiCRM.reporting.controller,ReportDownloadController,89,0,10,0,20,0,9,0,4,0
aiCRM,vasyl.karpliak.aiCRM.iam.controller,UserController,117,0,12,0,30,0,13,0,7,0
aiCRM,vasyl.karpliak.aiCRM.iam.controller,OrganizationController,126,0,16,0,30,0,11,0,3,0
aiCRM,vasyl.karpliak.aiCRM.iam.controller,AuthController,0,81,0,2,0,24,0,5,0,4
aiCRM,vasyl.karpliak.aiCRM.iam.controller,SystemOAuth2Controller,301,0,22,0,73,0,15,0,4,0
aiCRM,vasyl.karpliak.aiCRM.iam.controller,OAuth2Controller,182,0,12,0,47,0,9,0,3,0
aiCRM,vasyl.karpliak.aiCRM.iam.controller,ProjectController,102,0,16,0,21,0,11,0,3,0
aiCRM,vasyl.karpliak.aiCRM.communications.service,MessageOutboundListener,74,0,4,0,16,0,5,0,3,0
aiCRM,vasyl.karpliak.aiCRM.communications.service,NewNotificationEvent,28,0,0,0,10,0,5,0,5,0
aiCRM,vasyl.karpliak.aiCRM.communications.service,MessageDispatcherService,247,0,18,0,60,0,15,0,6,0
aiCRM,vasyl.karpliak.aiCRM.communications.service,MailService,195,0,8,0,55,0,12,0,8,0
aiCRM,vasyl.karpliak.aiCRM.communications.service,InboundEmailService,444,0,46,0,104,0,31,0,8,0
aiCRM,vasyl.karpliak.aiCRM.communications.service,InboundMessageEvent,16,0,0,0,6,0,3,0,3,0
aiCRM,vasyl.karpliak.aiCRM.ai.domain,AiChatMessage,42,0,0,0,13,0,12,0,12,0
aiCRM,vasyl.karpliak.aiCRM.ai.controller,AIChatController,146,0,6,0,40,0,9,0,6,0
aiCRM,vasyl.karpliak.aiCRM.sales.controller,IntegrationController,35,0,0,0,9,0,2,0,2,0
aiCRM,vasyl.karpliak.aiCRM.sales.controller,ClientController,40,57,8,2,9,12,7,5,2,5
aiCRM,vasyl.karpliak.aiCRM.sales.controller,TaskController,271,0,20,0,56,0,20,0,10,0
aiCRM,vasyl.karpliak.aiCRM.sales.controller,DealController,52,122,7,9,5,27,10,10,3,9
aiCRM,vasyl.karpliak.aiCRM.ai.dto,ChatRequest,12,0,0,0,1,0,1,0,1,0
aiCRM,vasyl.karpliak.aiCRM.ai.dto,UserResponse,15,0,0,0,1,0,1,0,1,0
aiCRM,vasyl.karpliak.aiCRM.ai.dto,ChatRequest.HistoryMessage,0,9,0,0,0,1,0,1,0,1
aiCRM,vasyl.karpliak.aiCRM.ai.dto,MessageResponse,15,0,0,0,1,0,1,0,1,0
aiCRM,vasyl.karpliak.aiCRM.ai.dto,DealResponse,0,30,0,0,0,1,0,1,0,1
aiCRM,vasyl.karpliak.aiCRM.ai.dto,TaskResponse,39,0,0,0,1,0,1,0,1,0
aiCRM,vasyl.karpliak.aiCRM.ai.dto,ClientResponse,21,0,0,0,1,0,1,0,1,0
aiCRM,vasyl.karpliak.aiCRM.ai.dto,ChatSessionResponse,21,0,0,0,1,0,1,0,1,0
aiCRM,vasyl.karpliak.aiCRM.iam.domain,Organization,4,0,0,0,2,0,1,0,1,0
aiCRM,vasyl.karpliak.aiCRM.iam.domain,User,7,0,2,0,3,0,2,0,1,0
aiCRM,vasyl.karpliak.aiCRM.iam.domain,Project,4,0,0,0,2,0,1,0,1,0
aiCRM,vasyl.karpliak.aiCRM.sales.domain,DealEvent,23,15,0,0,9,7,7,4,7,4
aiCRM,vasyl.karpliak.aiCRM.sales.domain,Deal,28,62,2,0,12,26,6,18,5,18
aiCRM,vasyl.karpliak.aiCRM.reporting.domain,ReportTask,4,0,0,0,2,0,1,0,1,0
aiCRM,vasyl.karpliak.aiCRM.attachments.listener,FileProcessingListener,15,0,0,0,6,0,2,0,2,0
aiCRM,vasyl.karpliak.aiCRM.communications.config,RabbitMQConfig,39,0,0,0,7,0,7,0,7,0
aiCRM,vasyl.karpliak.aiCRM.reporting.service,ReportingService,528,0,39,0,96,0,33,0,12,0
aiCRM,vasyl.karpliak.aiCRM.iam.dto,RegistrationDTO,0,3,0,0,0,1,0,1,0,1
aiCRM,vasyl.karpliak.aiCRM.iam.dto,LoginDTO,0,3,0,0,0,1,0,1,0,1
aiCRM,vasyl.karpliak.aiCRM.iam.dto,UserDTO,79,0,2,0,21,0,3,0,2,0
aiCRM,vasyl.karpliak.aiCRM.iam.enums,UserRoles,0,39,0,0,0,7,0,1,0,1
aiCRM,vasyl.karpliak.aiCRM.reporting.dto,ReportTaskDTO,33,0,0,0,1,0,1,0,1,0
aiCRM,vasyl.karpliak.aiCRM.reporting.dto,ReportRequestDTO,9,0,0,0,1,0,1,0,1,0
aiCRM,vasyl.karpliak.aiCRM.attachments.controller,FileController,178,0,20,0,43,0,18,0,8,0
aiCRM,vasyl.karpliak.aiCRM.communications.dto,NotificationDto,18,0,0,0,1,0,1,0,1,0
aiCRM,vasyl.karpliak.aiCRM.communications.dto,UnifiedMessage,24,0,0,0,1,0,1,0,1,0
aiCRM,vasyl.karpliak.aiCRM.communications.dto,EmailMessageDto,27,0,0,0,1,0,1,0,1,0
aiCRM,vasyl.karpliak.aiCRM.reporting.listener,ReportGenerationListener,11,0,0,0,5,0,2,0,2,0
aiCRM,vasyl.karpliak.aiCRM.analytics.service,AnalyticsService,281,0,30,0,50,0,22,0,5,0
aiCRM,vasyl.karpliak.aiCRM,AiCrmApplication,5,3,0,0,2,1,1,1,1,1
aiCRM,vasyl.karpliak.aiCRM.communications.enums,ChannelType,27,0,0,0,2,0,1,0,1,0
aiCRM,vasyl.karpliak.aiCRM.communications.enums,SenderType,21,0,0,0,4,0,1,0,1,0
aiCRM,vasyl.karpliak.aiCRM.communications.enums,SessionStatus,15,0,0,0,3,0,1,0,1,0
aiCRM,vasyl.karpliak.aiCRM.search.controller,SemanticSearchController,37,0,6,0,9,0,6,0,3,0
aiCRM,vasyl.karpliak.aiCRM.search.service,SemanticSearchService,82,0,6,0,22,0,8,0,5,0
aiCRM,vasyl.karpliak.aiCRM.ai.tools,CommunicationsAITools,180,0,6,0,39,0,12,0,9,0
aiCRM,vasyl.karpliak.aiCRM.ai.tools,SalesAITools,414,0,32,0,84,0,35,0,19,0
